asset_id,install_year,condition,material,diameter_in,pressure_zone,status,last_inspection_date,latitude,longitude,length_ft
WM-00001,1958,Excellent,Concrete,20,Zone A,Active,,40.597919,-89.701637,470.9
WM-00002,1971,,Steel,16,Zone C,Inactive,2021-10-10,40.582265,-89.741613,319.2
WM-00003,1961,Critical,PVC,16,Zone E,Inactive,2018-07-07,40.649352,-89.670848,788.9
WM-00004,1969,Fair,PVC,10,,Active,2018-10-20,40.643096,-89.779195,596.8
WM-00005,1969,Good,,4,Zone C,Active,2020-05-14,40.679576,-89.707908,588.4
WM-00006,1970,,Concrete,999,Zone C,Abandoned,2024-07-18,40.617928,-89.770522,798.2
WM-00007,1999,Excellent,Steel,20,Zone E,Active,2024-03-16,40.673294,-89.807933,590.5
WM-00008,1962,Poor,Cast Iron,12,Zone E,Unknown,2019-03-12,40.674462,-89.75628,529.2
WM-00009,1954,Critical,PVC,24,Zone A,Active,2021-06-13,40.598734,-89.766643,475.5
WM-00010,2005,Good,PVC,999,Zone E,Active,2024-01-18,40.660632,-89.685824,584.7
WM-00011,1968,Fair,Cast Iron,999,Zone B,Active,2018-10-18,40.654941,-89.799403,100.6
,1949,Critical,Ductile Iron,24,Zone B,Unknown,2022-07-26,40.592849,-89.792552,373.3
WM-00013,1974,Good,Ductile Iron,10,Zone E,Active,2020-01-22,40.603425,-89.765035,742.4
WM-00014,1951,Good,Steel,24,Zone D,Inactive,2018-08-29,40.589756,-89.809612,342.8
WM-00015,1963,Good,PVC,10,Zone A,Active,2018-09-07,40.659757,-89.79971,488.1
WM-00016,1978,Critical,Cast Iron,10,Zone D,Active,2024-05-22,40.599546,-89.702987,514.5
WM-00017,2001,Good,PVC,20,Zone B,Abandoned,2023-02-16,40.607941,-89.674664,104.4
WM-00018,1951,Fair,Cast Iron,10,Zone C,Active,2024-02-04,40.654425,-89.699898,790.4
WM-00019,1994,Excellent,Cast Iron,999,Zone B,Active,2020-05-12,40.656113,-89.773352,525.7
WM-00020,1976,Excellent,PVC,8,,Active,2022-12-15,40.636202,-89.733016,57.3
WM-00021,2016,Good,Cast Iron,12,Zone C,Unknown,2018-06-13,40.677871,-89.772186,237.1
WM-00022,1971,,,8,Zone D,Active,2021-09-22,40.663886,-89.735892,552.4
WM-00023,2008,Good,Ductile Iron,24,Zone C,Active,2020-07-21,40.596751,-89.691194,348.8
WM-00024,1996,Excellent,Cast Iron,12,Zone B,Active,2020-12-23,40.574591,-89.702617,309.3
WM-00025,1983,Fair,Cast Iron,20,Zone A,Active,2024-01-15,40.652423,-89.640753,602.8
WM-00026,1995,Critical,PVC,20,Zone C,Active,2024-03-20,40.585275,-89.73432,755.3
WM-00027,2003,Fair,Ductile Iron,20,Zone E,Active,2023-03-20,40.623014,-89.688387,433.4
WM-00028,1955,,,10,,Active,2020-03-26,40.587682,-89.801682,788.0
WM-00029,2023,Poor,Ductile Iron,8,,Abandoned,,40.660116,-89.671392,129.9
WM-00030,2006,Good,,24,,Active,2024-09-04,40.608076,-89.674055,381.9
WM-00031,2019,Fair,,10,,Active,2023-11-06,40.628152,-89.766936,379.9
WM-00032,1962,Good,Ductile Iron,20,,Inactive,2018-09-21,40.619784,-89.750441,399.4
WM-00033,2005,Poor,Cast Iron,16,Zone C,Unknown,2022-09-13,40.634586,-89.677766,649.9
WM-00034,1993,,Asbestos Cement,20,,Inactive,2019-06-07,40.687687,-89.713858,730.2
WM-00035,1950,Excellent,PVC,20,Zone C,Inactive,2021-10-14,40.661348,-89.741757,614.0
WM-00036,2000,Good,Asbestos Cement,6,,Active,2020-10-09,40.593923,-89.806332,164.3
WM-00037,1981,Critical,Concrete,6,Zone B,Active,,40.573081,-89.753848,558.0
WM-00038,1970,,,12,,Active,2024-05-07,40.663916,-89.747503,371.3
WM-00039,2018,Fair,Asbestos Cement,24,,Inactive,2023-11-08,40.685857,-89.761385,656.1
WM-00040,1975,Fair,Steel,10,Zone D,Active,2022-04-02,40.610368,-89.721025,293.8
WM-00041,1980,Excellent,Concrete,10,Zone A,Inactive,2023-06-25,40.636621,-89.766742,407.1
WM-00042,1987,,Concrete,16,Zone D,Active,2022-10-09,40.689596,-89.71093,313.9
WM-00043,1964,,Concrete,8,Zone B,Inactive,2021-02-06,40.65695,-89.634211,443.5
WM-00044,1951,,Concrete,8,Zone C,Active,2024-03-16,40.605056,-89.640064,528.4
WM-00045,2003,Good,Cast Iron,12,Zone D,Active,2022-06-30,40.62901,-89.706136,564.8
WM-00046,1998,Critical,,10,Zone E,Active,2022-12-19,40.605682,-89.704065,371.6
WM-00047,1948,Good,Ductile Iron,8,Zone E,Active,2022-08-01,40.62406,-89.703114,268.4
WM-00048,1974,Poor,Cast Iron,999,Zone B,Abandoned,2020-12-24,40.669196,-89.797146,174.4
WM-00049,2008,Fair,Concrete,999,Zone D,Active,,40.574783,-89.732235,291.7
WM-00050,1979,Excellent,,8,Zone D,Active,2021-02-13,40.591779,-89.704641,526.1
WM-00051,1975,Fair,Steel,24,Zone C,Abandoned,2024-03-03,40.574404,-89.794149,239.3
WM-00052,1977,Critical,PVC,24,,Active,2020-04-13,40.602047,-89.786418,266.0
WM-00053,1984,Excellent,Concrete,20,Zone A,Inactive,2019-04-10,40.625374,-89.788856,674.1
WM-00054,1977,Poor,Concrete,8,Zone D,Inactive,2023-09-13,40.659555,-89.785428,102.4
WM-00055,2001,,Concrete,24,Zone B,Active,2021-11-14,40.609893,-89.672683,332.9
WM-00056,1957,Fair,Asbestos Cement,24,,Unknown,2019-09-16,40.629439,-89.803336,426.7
WM-00057,1973,Poor,,8,Zone A,Active,2020-12-21,40.610627,-89.685313,537.4
WM-00058,1949,Excellent,Ductile Iron,12,Zone B,Abandoned,,40.687401,-89.673133,577.9
WM-00059,1985,Fair,PVC,20,Zone B,Inactive,2024-05-07,40.651816,-89.77759,181.3
WM-00060,1984,Poor,Asbestos Cement,12,Zone D,Active,2023-03-21,40.678145,-89.68803,168.5
WM-00061,1994,Good,Steel,24,Zone A,Inactive,2022-01-10,40.638977,-89.631315,271.4
WM-00062,1951,,Steel,12,Zone B,Active,2020-06-16,40.646394,-89.69824,558.3
WM-00063,1953,Critical,PVC,8,Zone A,Active,2022-08-29,40.591077,-89.786211,454.6
WM-00064,1993,,,16,Zone A,Active,2019-07-31,40.660498,-89.769389,557.2
WM-00065,1996,Critical,Cast Iron,24,Zone C,Abandoned,2020-12-09,40.640147,-89.661965,755.2
WM-00066,1975,,Cast Iron,24,,Active,2019-04-23,40.586773,-89.639673,278.3
WM-00067,1992,Poor,Concrete,8,Zone D,Abandoned,,40.628722,-89.736539,763.6
,1968,,PVC,999,,Active,,40.603106,-89.635723,761.8
WM-00069,1958,Good,,10,Zone A,Unknown,2020-04-28,40.640366,-89.66365,224.7
WM-00070,1993,,Ductile Iron,6,,Unknown,,40.571783,-89.667803,228.4
WM-00071,1956,,Cast Iron,24,Zone D,Unknown,2024-08-28,40.583086,-89.719309,759.1
,2005,Poor,Asbestos Cement,6,Zone D,Abandoned,2018-10-29,40.677912,-89.75202,161.3
WM-00073,1993,Critical,PVC,24,Zone E,Active,2019-04-14,40.672335,-89.692835,626.7
WM-00074,2012,Poor,Asbestos Cement,6,Zone C,Active,2020-11-10,40.614916,-89.782525,742.2
WM-00075,1950,Critical,Cast Iron,999,Zone E,Active,2022-08-10,40.612432,-89.690239,612.7
WM-00076,2018,Good,Ductile Iron,24,Zone B,Unknown,,40.671445,-89.743839,622.0
WM-00077,1972,Good,PVC,12,Zone C,Active,,40.674384,-89.708062,350.6
WM-00078,2021,Fair,Ductile Iron,16,Zone C,Abandoned,2024-05-13,40.641547,-89.650998,166.7
WM-00079,2007,Poor,Steel,12,Zone B,Unknown,2021-11-14,40.62159,-89.759016,558.9
WM-00080,1964,Good,PVC,10,Zone B,Unknown,2021-09-05,40.584398,-89.720471,373.0
WM-00081,1979,Poor,,4,Zone D,Active,2018-11-15,40.673453,-89.706363,480.0
WM-00082,1963,,Concrete,24,,Active,,40.671338,-89.766203,491.7
WM-00083,1970,Critical,Asbestos Cement,6,Zone E,Active,2021-12-02,40.612132,-89.63752,534.1
WM-00084,1951,Good,,24,Zone D,Unknown,2024-07-01,40.623869,-89.643652,473.4
WM-00085,2015,Poor,Asbestos Cement,12,Zone C,Active,,40.63088,-89.754127,388.9
WM-00086,2007,Poor,Concrete,999,,Active,2024-05-30,40.64822,-89.752125,406.7
WM-00087,1955,,Ductile Iron,4,Zone B,Abandoned,2022-12-05,40.632888,-89.700235,322.9
WM-00088,1969,Fair,Cast Iron,999,,Active,2024-10-04,40.674794,-89.749995,487.1
WM-00089,2005,Critical,Steel,16,Zone B,Abandoned,2023-11-27,40.581214,-89.689318,431.4
,1956,Good,Ductile Iron,8,Zone A,Active,2019-02-19,40.630923,-89.712841,604.0
WM-00091,1968,,Ductile Iron,24,Zone A,Active,2020-08-30,40.686351,-89.700093,614.3
WM-00092,1979,Fair,Asbestos Cement,24,Zone D,Unknown,2022-04-14,40.630349,-89.734641,171.5
WM-00093,1992,Excellent,Asbestos Cement,999,Zone A,Active,,40.589237,-89.729123,435.0
WM-00094,1950,Poor,Concrete,16,Zone B,Active,2022-03-16,40.596945,-89.752637,124.3
WM-00095,1954,,Asbestos Cement,24,Zone D,Active,,40.579507,-89.763934,676.2
WM-00096,1998,Excellent,Cast Iron,10,Zone D,Abandoned,2023-02-16,40.577537,-89.659396,424.9
WM-00097,2012,Excellent,Concrete,16,Zone B,Active,2018-12-17,40.632818,-89.745091,765.1
WM-00098,2017,Fair,PVC,4,Zone C,Unknown,,40.598935,-89.691721,127.7
WM-00099,2016,,Steel,8,Zone B,Active,2023-02-18,40.574438,-89.773714,643.3
WM-00100,2017,Fair,Cast Iron,10,Zone C,Active,2018-07-15,40.673896,-89.750254,143.4
WM-00101,2015,Fair,,999,Zone C,Unknown,,40.62094,-89.732491,796.3
WM-00102,1988,Poor,Concrete,20,Zone B,Abandoned,2023-01-06,40.575083,-89.653393,314.4
WM-00103,1986,Critical,,8,Zone A,Inactive,2022-11-30,40.574176,-89.797898,633.9
WM-00104,1986,Poor,,6,Zone E,Inactive,2022-06-19,40.607726,-89.759836,770.4
,2001,,PVC,24,Zone B,Active,2023-07-05,40.594021,-89.785569,105.5
WM-00106,2015,Fair,PVC,8,,Abandoned,2019-12-15,40.665244,-89.718424,141.0
WM-00107,2000,Poor,,999,Zone B,Active,2018-09-27,40.607115,-89.630073,589.2
WM-00108,2009,Poor,Asbestos Cement,999,Zone C,Inactive,2024-03-08,40.646775,-89.777247,774.7
WM-00109,2001,,Ductile Iron,16,Zone E,Active,2020-10-23,40.593556,-89.637857,255.8
WM-00110,2020,Good,Ductile Iron,16,Zone E,Active,2018-04-27,40.579747,-89.639262,628.3
WM-00111,1998,,PVC,24,Zone B,Unknown,2022-07-22,40.605692,-89.796865,94.9
WM-00112,1991,,,16,Zone D,Inactive,2023-10-11,40.637398,-89.752559,399.9
WM-00113,1994,Poor,Ductile Iron,8,Zone C,Active,2020-02-17,40.661575,-89.720312,436.0
WM-00114,2007,Good,Ductile Iron,16,Zone A,Active,2024-09-13,40.675881,-89.692233,402.9
WM-00115,1989,Excellent,Steel,4,Zone E,Active,2024-03-16,40.604632,-89.740457,387.8
WM-00116,1988,,PVC,999,Zone C,Unknown,2024-10-03,40.631095,-89.719986,84.0
WM-00117,1975,Fair,Concrete,16,Zone B,Active,2021-05-10,40.641247,-89.718683,432.3
WM-00118,2005,Critical,PVC,4,Zone E,Active,2024-06-27,40.639316,-89.680148,487.6
WM-00119,1985,Critical,Asbestos Cement,6,Zone B,Active,2022-09-12,40.588172,-89.68571,357.8
WM-00120,2021,Critical,Steel,16,Zone B,Active,2021-11-03,40.635553,-89.688344,700.7
WM-00121,1980,Fair,Ductile Iron,12,Zone C,Abandoned,2023-06-26,40.608045,-89.747215,750.3
WM-00122,2023,,PVC,8,Zone C,Active,2018-11-20,40.611564,-89.730372,242.3
WM-00123,1957,Critical,Asbestos Cement,10,Zone B,Active,2023-12-16,40.597081,-89.768089,125.1
WM-00124,2005,,Steel,24,,Inactive,2021-03-22,40.60854,-89.693738,731.0
WM-00125,2006,,Ductile Iron,4,Zone D,Unknown,2021-03-31,40.675209,-89.808332,476.0
WM-00126,1962,Poor,PVC,10,Zone A,Active,2023-02-23,40.647794,-89.680652,60.6
WM-00127,2010,Critical,PVC,6,Zone D,Abandoned,,40.687802,-89.724058,751.9
,1983,,Concrete,4,Zone C,Abandoned,2020-08-25,40.577455,-89.78872,280.1
WM-00129,1964,Good,Steel,8,Zone D,Abandoned,2022-03-11,40.619901,-89.711138,403.1
WM-00130,2004,Excellent,Concrete,6,Zone A,Unknown,2023-09-02,40.594259,-89.713401,173.4
WM-00131,2023,,Cast Iron,24,Zone B,Active,2024-04-28,40.576928,-89.726772,655.2
WM-00132,2011,Fair,Asbestos Cement,6,Zone E,Active,2018-10-10,40.688336,-89.725027,265.3
WM-00133,2017,Excellent,Asbestos Cement,999,Zone B,Abandoned,2019-05-01,40.591417,-89.713293,446.6
WM-00134,2014,Critical,Steel,10,Zone B,Active,2021-02-03,40.592618,-89.652463,624.1
,1957,Excellent,Steel,4,Zone B,Abandoned,,40.622676,-89.712843,615.8
WM-00136,1994,Critical,Concrete,16,Zone B,Active,2023-11-06,40.596525,-89.75591,95.7
WM-00137,2022,,Concrete,16,,Active,2021-05-13,40.615175,-89.674205,405.1
WM-00138,1998,Critical,Ductile Iron,20,Zone B,Active,2018-11-20,40.680667,-89.657516,119.3
WM-00139,1957,,Cast Iron,10,Zone E,Abandoned,2020-06-07,40.627527,-89.653495,299.7
WM-00140,1958,,Concrete,10,Zone D,Inactive,2021-03-05,40.615679,-89.713943,319.4
WM-00141,1999,Good,PVC,16,Zone D,Active,2020-06-25,40.65895,-89.80708,465.0
WM-00142,1993,,Ductile Iron,24,Zone E,Abandoned,2021-10-14,40.600879,-89.662113,774.9
WM-00143,2016,Good,Concrete,4,Zone E,Active,2018-11-01,40.683423,-89.689721,623.3
WM-00144,9999,Poor,PVC,4,Zone E,Abandoned,2024-11-30,40.67953,-89.691329,61.8
WM-00145,1985,Excellent,Concrete,20,Zone B,Active,2023-11-18,40.587868,-89.775452,444.8
WM-00146,2003,Good,Asbestos Cement,10,Zone C,Abandoned,2018-11-27,40.648448,-89.655521,619.7
WM-00147,1969,Excellent,Steel,20,,Unknown,2019-01-26,40.677375,-89.644553,222.3
WM-00148,1980,Critical,Asbestos Cement,4,Zone B,Unknown,2020-04-28,40.640444,-89.674594,584.5
WM-00149,1994,Fair,Steel,8,,Abandoned,,40.659455,-89.747745,123.3
WM-00150,1949,,PVC,24,Zone D,Inactive,2022-03-18,40.621822,-89.687655,545.5
WM-00151,2007,,,8,,Active,2019-03-13,40.580982,-89.640267,383.6
WM-00152,2016,Critical,Steel,6,Zone A,Active,2019-01-17,40.641631,-89.668801,697.8
,1976,Critical,Ductile Iron,20,Zone B,Inactive,2021-01-04,40.629175,-89.798612,376.0
WM-00154,2008,Critical,Ductile Iron,24,Zone A,Inactive,2022-06-09,40.609866,-89.698365,653.1
WM-00155,1972,Poor,PVC,8,Zone D,Active,2023-07-05,40.686132,-89.669245,294.4
WM-00156,1968,,,999,Zone A,Abandoned,2020-05-08,40.622615,-89.75756,569.6
WM-00157,2014,,Steel,6,Zone D,Active,2022-06-30,40.634124,-89.643771,702.2
WM-00158,2002,Good,Asbestos Cement,4,Zone E,Abandoned,2022-06-25,40.686017,-89.750313,647.2
WM-00159,2016,,Concrete,10,Zone D,Active,2024-08-07,40.652852,-89.782866,798.3
WM-00160,1987,Fair,PVC,24,Zone B,Active,2023-05-05,40.581715,-89.680041,389.3
WM-00161,1952,Critical,Ductile Iron,999,Zone B,Active,2023-03-08,40.597823,-89.737091,188.3
WM-00162,2011,Excellent,Asbestos Cement,10,Zone B,Active,2018-09-14,40.639282,-89.66609,452.7
WM-00163,2007,,PVC,20,Zone E,Active,2021-11-26,40.612238,-89.727585,179.4
WM-00164,1964,Good,PVC,6,Zone B,Active,2023-09-24,40.616616,-89.702643,481.1
WM-00165,2002,Good,Ductile Iron,16,Zone D,Active,,40.613085,-89.808275,152.4
WM-00166,2020,,,24,Zone D,Inactive,,40.573703,-89.67301,269.1
WM-00167,2008,Critical,Cast Iron,6,Zone C,Unknown,2022-02-11,40.635045,-89.673778,620.0
WM-00168,2012,Fair,PVC,6,Zone D,Unknown,2020-08-28,40.595185,-89.67723,566.9
WM-00169,1985,,Cast Iron,16,Zone E,Active,2019-11-21,40.608838,-89.68327,267.0
WM-00170,1951,,,8,Zone B,Inactive,2020-10-10,40.661377,-89.688278,417.1
WM-00171,2017,Critical,Asbestos Cement,12,,Active,2023-06-23,40.609275,-89.809555,630.6
WM-00172,1985,Poor,,10,Zone D,Active,2021-03-07,40.610531,-89.705972,474.6
WM-00173,1966,Excellent,,8,Zone D,Active,,40.684964,-89.773583,566.4
WM-00174,1964,Fair,Asbestos Cement,8,Zone A,Active,2020-08-17,40.621508,-89.793584,121.4
WM-00175,1949,Excellent,Asbestos Cement,16,Zone A,Unknown,2019-06-26,40.627324,-89.76879,117.0
WM-00176,1965,Excellent,Concrete,4,Zone E,Abandoned,2021-12-09,40.656692,-89.696946,163.5
WM-00177,1960,,Steel,16,Zone D,Active,2020-10-11,40.603236,-89.794835,465.0
WM-00178,2022,Good,Asbestos Cement,20,Zone C,Abandoned,,40.67775,-89.638159,421.2
WM-00179,2004,Fair,Ductile Iron,20,Zone E,Active,2019-12-09,40.661527,-89.638198,627.8
,2011,Critical,PVC,999,Zone D,Active,2018-12-04,40.646864,-89.713222,164.5
WM-00181,1995,,,6,Zone C,Abandoned,2020-09-04,40.576949,-89.794482,375.9
WM-00182,1983,Good,Steel,16,Zone E,Active,2020-11-27,40.590036,-89.787152,635.8
WM-00183,1995,,Concrete,6,Zone D,Active,2018-08-16,40.629953,-89.70796,325.8
WM-00184,1951,,,4,Zone B,Active,2022-04-18,40.680427,-89.777787,770.3
,1995,,Cast Iron,16,Zone A,Active,2018-08-04,40.591521,-89.665219,786.1
WM-00186,2014,Excellent,PVC,10,Zone C,Active,2024-12-25,40.59911,-89.743711,778.9
WM-00187,2009,Excellent,Ductile Iron,999,Zone C,Abandoned,2018-02-09,40.684119,-89.809737,543.0
WM-00188,2021,Excellent,Ductile Iron,12,Zone A,Active,2023-10-30,40.619567,-89.648796,393.8
WM-00189,1982,Critical,Concrete,4,Zone D,Abandoned,2020-08-27,40.605001,-89.656836,744.5
WM-00190,1965,,,6,Zone B,Active,2023-03-24,40.607684,-89.788267,318.7
WM-00191,1964,,Asbestos Cement,12,,Abandoned,2020-05-30,40.670311,-89.750997,118.4
WM-00192,1970,Excellent,Steel,24,Zone E,Abandoned,2019-01-23,40.625445,-89.665299,154.8
,1955,Critical,PVC,6,Zone A,Active,2022-12-22,40.667116,-89.793444,685.5
WM-00194,2006,,Asbestos Cement,20,Zone D,Active,2022-10-14,40.590737,-89.771351,190.4
WM-00195,2012,Critical,Steel,4,Zone A,Active,2022-09-14,40.593935,-89.650763,444.4
WM-00196,1997,Critical,Concrete,16,Zone D,Active,2021-07-30,40.641654,-89.804725,658.0
WM-00197,1975,Good,Asbestos Cement,10,Zone C,Active,2018-08-18,40.661686,-89.639396,481.8
WM-00198,1990,Critical,Cast Iron,16,Zone E,Active,2020-02-11,40.670404,-89.664128,777.8
WM-00199,1976,Excellent,Concrete,24,Zone A,Active,2020-04-05,40.666773,-89.748663,183.1
WM-00200,1965,,Concrete,16,Zone A,Active,2022-06-09,40.640322,-89.749419,292.0
WM-00201,2016,,PVC,10,,Active,2022-03-30,40.606819,-89.68607,145.5
WM-00202,1985,Good,Asbestos Cement,6,Zone D,Inactive,2018-11-15,40.59856,-89.633172,175.9
WM-00203,1985,Good,Asbestos Cement,6,Zone C,Active,2018-01-06,40.575778,-89.73112,364.7
WM-00204,2016,,,10,Zone B,Active,,40.671491,-89.756916,289.0
WM-00205,1954,Excellent,PVC,24,,Active,2019-11-07,40.642878,-89.731844,90.2
WM-00206,2002,Good,Cast Iron,4,Zone D,Active,2023-07-04,40.588431,-89.745051,370.7
WM-00207,1983,,PVC,6,Zone D,Unknown,,40.664185,-89.72523,721.2
WM-00208,1969,Poor,Cast Iron,12,Zone D,Active,2021-01-05,40.63771,-89.782796,572.4
WM-00209,2023,,Concrete,20,Zone E,Abandoned,2023-04-29,40.638726,-89.767584,274.1
WM-00210,1947,,Steel,8,Zone B,Inactive,2019-06-01,40.575121,-89.795894,562.3
WM-00211,1985,Poor,Concrete,20,Zone E,Active,2023-10-30,40.624979,-89.652776,639.9
WM-00212,2017,Critical,,6,Zone A,Active,2021-03-17,40.674097,-89.651576,708.4
WM-00213,2020,Good,Concrete,20,Zone A,Active,2021-09-19,40.652862,-89.801128,406.4
WM-00214,1968,,Ductile Iron,8,Zone C,Abandoned,2021-08-07,40.60233,-89.734981,534.2
WM-00215,1952,,Ductile Iron,6,Zone C,Abandoned,2019-07-10,40.663662,-89.715628,476.5
WM-00216,1948,Fair,PVC,24,Zone E,Active,2019-05-23,40.651741,-89.766451,416.6
WM-00217,1975,Fair,Cast Iron,20,Zone A,Inactive,2020-05-27,40.672853,-89.693472,558.3
WM-00218,1977,Critical,,4,Zone B,Active,2021-06-05,40.655529,-89.682314,256.5
WM-00219,2011,Poor,Concrete,6,Zone A,Active,2022-03-13,40.637375,-89.703121,262.0
WM-00220,1995,,Asbestos Cement,12,Zone B,Inactive,2020-09-11,40.677962,-89.665023,651.8
WM-00221,2020,Poor,Steel,4,Zone E,Abandoned,2020-02-17,40.61118,-89.681594,564.7
WM-00222,1967,Fair,Cast Iron,24,Zone B,Abandoned,2024-04-08,40.66155,-89.777048,559.8
WM-00223,2012,,PVC,16,Zone C,Active,2019-04-28,40.626464,-89.654049,487.7
WM-00224,1993,Fair,Steel,4,Zone B,Inactive,2021-11-04,40.619103,-89.707507,730.0
WM-00225,1987,,Cast Iron,4,Zone D,Active,2019-11-22,40.639153,-89.781482,638.9
WM-00226,2018,Excellent,Cast Iron,999,Zone B,Abandoned,2018-02-27,40.677041,-89.673767,448.3
,1992,Good,Cast Iron,20,Zone E,Active,2018-09-25,40.668861,-89.756324,268.1
WM-00228,1995,Poor,PVC,10,Zone B,Unknown,2020-07-24,40.596919,-89.632722,208.4
,2016,,PVC,999,Zone E,Active,2018-07-16,40.649436,-89.692358,64.8
WM-00230,1973,Good,Asbestos Cement,4,Zone C,Active,2023-11-02,40.602397,-89.700986,152.9
WM-00231,2008,Good,Concrete,10,Zone C,Unknown,2020-04-06,40.612951,-89.736244,170.3
WM-00232,1958,Excellent,,24,Zone B,Active,2018-11-04,40.656828,-89.791768,241.9
WM-00233,1963,,PVC,16,,Active,2019-04-20,40.5814,-89.673523,84.4
WM-00234,1955,Fair,,16,Zone B,Active,2023-02-13,40.60262,-89.740571,688.0
WM-00235,1955,Poor,Concrete,24,Zone E,Abandoned,2024-11-08,40.61557,-89.745452,71.6
WM-00236,1953,Excellent,PVC,16,Zone A,Abandoned,2023-11-20,40.662103,-89.706203,473.8
WM-00237,2008,Fair,Asbestos Cement,20,Zone B,Unknown,2024-11-15,40.576548,-89.694188,167.7
WM-00238,1987,Excellent,Concrete,10,Zone E,Abandoned,2020-08-20,40.57946,-89.730046,479.8
WM-00239,1976,Poor,Steel,4,Zone E,Active,,40.580907,-89.701243,514.3
WM-00240,1977,,Ductile Iron,24,Zone C,Active,2024-09-23,40.626776,-89.69171,586.9
WM-00241,1982,Critical,PVC,6,Zone A,Inactive,2022-08-04,40.582835,-89.700047,190.7
WM-00242,2011,Excellent,Asbestos Cement,6,Zone D,Active,2023-08-28,40.586156,-89.720211,447.8
,1967,Good,Asbestos Cement,8,Zone A,Active,2024-10-18,40.675924,-89.71926,338.5
WM-00244,1962,Good,Steel,999,Zone C,Unknown,2021-07-09,40.655425,-89.641608,524.4
WM-00245,1967,Critical,Asbestos Cement,16,,Active,2024-04-22,40.627644,-89.707285,550.4
WM-00246,2005,Good,Cast Iron,4,Zone B,Active,2019-10-22,40.688024,-89.68699,159.8
WM-00247,1963,Critical,,999,Zone B,Abandoned,2022-05-12,40.598511,-89.668825,649.1
WM-00248,1985,Excellent,Cast Iron,12,Zone B,Active,2022-12-20,40.669598,-89.645932,578.5
WM-00249,2004,Poor,Ductile Iron,6,Zone B,Inactive,2019-05-04,40.615264,-89.732869,467.4
WM-00250,1982,Good,PVC,4,,Active,2021-05-18,40.628866,-89.706918,318.6
WM-00251,1978,Poor,Concrete,999,Zone D,Active,2020-05-23,40.6496,-89.750408,270.2
WM-00252,1984,,PVC,24,Zone B,Abandoned,2024-12-19,40.599259,-89.802822,714.2
WM-00253,1948,,,16,Zone E,Unknown,2023-06-17,40.575262,-89.648309,194.4
WM-00254,1951,Good,Asbestos Cement,10,,Active,2020-04-22,40.634531,-89.683506,782.2
WM-00255,1949,Excellent,Cast Iron,8,Zone C,Active,,40.668594,-89.646022,355.7
WM-00256,1960,Excellent,Asbestos Cement,6,,Active,,40.67179,-89.745614,427.1
WM-00257,2014,Poor,,4,Zone D,Inactive,2019-07-13,40.65961,-89.666581,687.1
WM-00258,1946,,Concrete,8,Zone A,Active,,40.641599,-89.713313,760.2
WM-00259,1958,Critical,,12,Zone B,Active,2024-05-12,40.67227,-89.65675,749.3
WM-00260,1974,Good,Asbestos Cement,24,Zone C,Active,2020-08-18,40.582005,-89.698487,725.1
WM-00261,1964,Critical,PVC,16,Zone D,Inactive,,40.599541,-89.770125,604.9
WM-00262,1995,Poor,Concrete,6,Zone B,Abandoned,2021-02-23,40.673046,-89.7848,454.0
WM-00263,1948,Critical,Steel,10,Zone A,Active,2024-01-20,40.626652,-89.670464,324.4
WM-00264,2019,Fair,Concrete,4,,Inactive,2024-11-20,40.652099,-89.673703,155.3
WM-00265,1981,,Steel,10,Zone A,Active,2018-06-25,40.65023,-89.716781,643.6
WM-00266,1986,,Asbestos Cement,12,Zone E,Active,2022-03-23,40.648441,-89.744247,540.0
WM-00267,1997,Poor,,24,Zone E,Active,2019-07-24,40.622788,-89.768602,435.9
WM-00268,1956,Poor,,16,,Active,2023-05-16,40.627483,-89.703658,535.4
WM-00269,1962,Excellent,Concrete,8,Zone A,Inactive,2020-01-08,40.631997,-89.737018,776.9
WM-00270,2019,Good,Ductile Iron,20,Zone E,Inactive,2020-01-15,40.644785,-89.718055,175.8
WM-00271,1983,Excellent,Cast Iron,10,Zone E,Unknown,2022-09-16,40.669182,-89.701008,183.1
WM-00272,2021,,Ductile Iron,999,Zone A,Unknown,2022-11-03,40.632645,-89.743332,82.6
WM-00273,1959,Poor,Ductile Iron,12,Zone D,Unknown,2018-12-10,40.603992,-89.652182,356.5
WM-00274,1981,,,16,Zone D,Active,,40.621129,-89.704633,246.0
WM-00275,1968,Poor,Concrete,999,Zone D,Inactive,2024-03-22,40.628051,-89.632069,483.2
WM-00276,1970,Good,Concrete,20,Zone C,Unknown,2018-08-02,40.589289,-89.636377,54.0
WM-00277,1975,Fair,Cast Iron,4,,Active,2022-06-30,40.643676,-89.716219,583.7
WM-00278,9999,Fair,Ductile Iron,4,Zone E,Active,2020-08-06,40.643823,-89.688676,319.8
WM-00279,2017,Critical,Ductile Iron,999,Zone A,Abandoned,2019-01-05,40.635951,-89.679295,469.3
WM-00280,1996,Excellent,PVC,8,Zone D,Active,,40.578686,-89.757035,760.3
WM-00281,1993,Poor,,10,Zone C,Unknown,2023-03-03,40.677583,-89.654836,411.5
WM-00282,1992,Critical,Concrete,4,,Unknown,2021-03-22,40.581161,-89.688734,665.8
WM-00283,1995,Good,Asbestos Cement,10,Zone D,Abandoned,2020-09-18,40.674729,-89.77278,202.1
WM-00284,2008,Critical,Cast Iron,999,Zone A,Unknown,2024-12-17,40.60785,-89.648338,710.7
WM-00285,1973,Good,Cast Iron,999,Zone D,Active,2018-05-14,40.630297,-89.739131,564.8
WM-00286,1978,Poor,Concrete,6,Zone C,Active,2020-11-29,40.592458,-89.762687,252.1
WM-00287,1990,Fair,,20,Zone C,Active,2019-06-22,40.687513,-89.686518,660.6
WM-00288,2017,,Cast Iron,8,Zone D,Active,2023-10-19,40.634078,-89.753169,415.0
WM-00289,1948,,PVC,24,,Active,2021-10-02,40.601172,-89.745145,468.1
WM-00290,1946,Critical,Concrete,999,Zone B,Unknown,2021-08-24,40.650783,-89.722251,602.4
WM-00291,1984,,,16,Zone D,Abandoned,2022-07-16,40.671868,-89.797158,171.5
WM-00292,1993,,Concrete,999,Zone D,Active,2018-04-05,40.585005,-89.767767,238.7
WM-00293,2017,Critical,Cast Iron,4,Zone D,Active,2018-12-07,40.582471,-89.698742,113.2
WM-00294,1964,Good,Concrete,8,Zone A,Active,2021-08-25,40.673709,-89.725905,703.2
WM-00295,2022,,Asbestos Cement,20,Zone E,Abandoned,2021-06-22,40.679071,-89.723303,220.3
WM-00296,1964,Critical,,8,Zone C,Active,2018-02-04,40.652532,-89.721452,616.6
WM-00297,2004,Good,Steel,999,Zone D,Active,2022-05-16,40.669411,-89.770293,109.4
WM-00298,1993,Poor,Ductile Iron,6,Zone B,Inactive,2023-02-09,40.644128,-89.761016,517.1
WM-00299,1986,Fair,Ductile Iron,24,,Active,2019-09-10,40.571767,-89.770906,365.2
WM-00300,1976,Fair,,20,Zone A,Active,2020-02-27,40.677484,-89.764986,336.2
,1969,Poor,Asbestos Cement,6,Zone E,Abandoned,2023-04-21,40.616695,-89.636981,752.2
WM-00302,1980,Fair,Cast Iron,10,Zone A,Inactive,2021-08-22,40.571808,-89.66701,488.5
WM-00303,2005,Good,PVC,6,Zone B,Inactive,2024-12-08,40.610611,-89.635463,619.7
WM-00304,2002,Critical,,16,Zone D,Abandoned,2022-03-28,40.61298,-89.785748,724.0
WM-00305,1969,Good,Concrete,16,Zone C,Abandoned,2024-09-18,40.679737,-89.710186,101.7
WM-00306,2016,,Ductile Iron,4,Zone E,Unknown,2024-12-15,40.598654,-89.680219,543.7
WM-00307,1964,Fair,PVC,20,,Active,,40.632784,-89.797998,676.4
WM-00308,1949,,,20,,Active,2024-08-14,40.600713,-89.744056,504.5
WM-00309,1987,Critical,Asbestos Cement,20,Zone C,Unknown,2024-12-01,40.601898,-89.802682,102.8
WM-00310,2008,Good,Ductile Iron,999,,Inactive,2020-01-03,40.637011,-89.709535,609.6
WM-00311,1967,Critical,Steel,999,Zone C,Abandoned,2024-09-23,40.623161,-89.746582,286.4
WM-00312,1986,Good,Concrete,999,Zone B,Active,2020-11-06,40.613201,-89.728567,769.9
,1947,Fair,Ductile Iron,10,Zone C,Active,2021-02-04,40.680293,-89.717971,478.0
WM-00314,1999,Critical,Ductile Iron,10,Zone C,Unknown,2024-05-25,40.617976,-89.644781,600.7
WM-00315,1957,,PVC,4,,Unknown,2018-11-18,40.663615,-89.644063,300.8
WM-00316,1972,,,20,Zone A,Active,2021-07-31,40.634792,-89.783076,426.8
WM-00317,2023,Fair,,20,Zone B,Inactive,2023-05-04,40.638573,-89.801124,349.4
WM-00318,2009,Poor,Asbestos Cement,10,Zone E,Active,2023-11-18,40.59955,-89.797104,632.6
WM-00319,1950,Fair,PVC,4,Zone C,Inactive,2024-11-29,40.66859,-89.665497,517.4
WM-00320,1959,,Cast Iron,10,Zone E,Inactive,2021-03-24,40.571648,-89.685117,133.5
WM-00321,2014,,PVC,999,Zone D,Active,2019-08-02,40.653409,-89.689713,332.5
WM-00322,1970,Fair,Cast Iron,24,,Active,,40.649245,-89.690663,734.7
WM-00323,1993,,Cast Iron,16,Zone D,Unknown,2018-12-27,40.59237,-89.719883,393.5
WM-00324,2021,,Ductile Iron,4,Zone C,Abandoned,2021-05-23,40.598345,-89.633916,425.9
WM-00325,1961,Good,PVC,20,,Inactive,,40.615865,-89.637091,509.3
WM-00326,1984,Fair,Steel,999,Zone B,Inactive,2024-07-07,40.634962,-89.665981,696.9
WM-00327,1953,Fair,Cast Iron,999,Zone E,Abandoned,,40.608112,-89.651665,595.3
WM-00328,1971,,Ductile Iron,6,Zone B,Inactive,,40.688315,-89.69895,504.2
WM-00329,1959,Critical,,24,,Abandoned,2022-05-07,40.628973,-89.785248,194.9
,1962,Excellent,Ductile Iron,24,Zone E,Active,2023-02-18,40.67651,-89.73304,632.2
WM-00331,1969,Critical,Cast Iron,24,Zone D,Unknown,2020-10-03,40.632244,-89.73879,601.4
WM-00332,1986,,,12,Zone D,Inactive,2024-11-16,40.680284,-89.685808,727.8
WM-00333,2019,Good,Steel,20,Zone C,Active,,40.624442,-89.648609,721.8
WM-00334,1950,Excellent,Asbestos Cement,24,,Active,,40.654873,-89.679163,781.4
WM-00335,2002,Critical,,8,Zone B,Unknown,2018-07-30,40.62035,-89.754287,626.5
WM-00336,1945,,PVC,4,Zone D,Active,2024-02-05,40.666895,-89.700563,420.1
WM-00337,1975,Good,Concrete,12,Zone E,Abandoned,2020-04-30,40.57587,-89.783314,540.0
,1947,Excellent,Steel,8,Zone B,Abandoned,2024-09-02,40.638674,-89.708808,774.7
WM-00339,1968,,Steel,999,Zone A,Active,2019-05-15,40.653354,-89.760605,445.3
WM-00340,1958,Poor,Asbestos Cement,12,Zone D,Active,2020-11-29,40.633047,-89.630896,315.4
WM-00341,1968,Good,Asbestos Cement,12,Zone B,Active,,40.625786,-89.666588,603.1
WM-00342,1971,Excellent,Asbestos Cement,10,,Active,2018-10-05,40.606933,-89.718796,292.9
,1966,Good,PVC,16,,Active,2018-05-26,40.647478,-89.723331,520.4
WM-00344,1952,Fair,Concrete,16,Zone E,Active,,40.639288,-89.750291,737.1
WM-00345,1993,,Ductile Iron,20,Zone B,Active,,40.663881,-89.754509,693.4
WM-00346,2020,,PVC,10,Zone E,Active,2022-03-13,40.664193,-89.669998,735.0
WM-00347,2006,Fair,,16,Zone B,Unknown,2023-10-16,40.651206,-89.786111,593.4
WM-00348,1978,Fair,Steel,4,Zone A,Active,2021-07-03,40.572698,-89.673471,529.1
WM-00349,1957,Fair,Ductile Iron,8,Zone C,Active,,40.644753,-89.717469,204.9
WM-00350,1965,Fair,Concrete,16,Zone E,Active,,40.573479,-89.647407,87.8
WM-00351,2010,Critical,PVC,12,Zone C,Unknown,2023-12-26,40.579425,-89.643899,623.3
WM-00352,2019,Good,Ductile Iron,8,Zone E,Active,2022-05-25,40.592002,-89.644892,297.7
WM-00353,2000,Poor,Steel,8,Zone C,Unknown,2024-06-11,40.585287,-89.791472,663.2
WM-00354,2007,Poor,Concrete,20,Zone B,Active,2019-10-14,40.686867,-89.740913,305.5
WM-00355,1972,Good,Asbestos Cement,6,,Abandoned,2023-06-17,40.583719,-89.702706,294.0
WM-00356,1958,,,20,Zone C,Active,2018-09-09,40.580864,-89.662934,715.4
WM-00357,2009,Critical,Concrete,24,Zone B,Inactive,2021-07-20,40.605968,-89.667018,559.7
WM-00358,9999,Poor,,8,Zone C,Active,2024-02-27,40.686148,-89.809848,470.0
WM-00359,2012,,PVC,20,Zone D,Active,2020-05-15,40.649499,-89.724523,191.2
WM-00360,1971,Excellent,Cast Iron,4,Zone B,Abandoned,2022-11-24,40.686997,-89.78556,152.9
WM-00361,1999,,Steel,20,Zone C,Inactive,2024-10-12,40.570892,-89.720332,598.2
WM-00362,1949,Poor,Asbestos Cement,16,Zone A,Active,2018-11-24,40.58705,-89.678367,787.7
WM-00363,1962,Good,Steel,6,,Abandoned,2024-07-02,40.6075,-89.800501,307.7
WM-00364,2020,Fair,,12,Zone C,Inactive,,40.680744,-89.675103,595.2
WM-00365,2000,,Asbestos Cement,4,Zone C,Active,,40.630672,-89.65674,258.4
WM-00366,1962,Critical,Asbestos Cement,8,,Active,2019-12-20,40.60135,-89.683861,413.7
WM-00367,2009,,Steel,20,Zone B,Abandoned,2019-11-17,40.595303,-89.677815,308.8
WM-00368,2019,,,999,Zone B,Active,2022-05-17,40.626951,-89.783873,702.7
,1973,Critical,Asbestos Cement,16,Zone D,Active,2021-01-21,40.610196,-89.761924,123.7
WM-00370,1992,,Asbestos Cement,8,Zone C,Active,,40.571017,-89.797769,358.4
WM-00371,1973,Critical,Cast Iron,4,Zone E,Abandoned,2020-06-07,40.684059,-89.695145,581.1
WM-00372,1983,,Ductile Iron,12,Zone C,Active,2018-11-07,40.646654,-89.643915,257.3
WM-00373,2007,Poor,PVC,4,Zone C,Unknown,2022-12-10,40.578328,-89.633704,200.5
WM-00374,1972,,Cast Iron,24,,Active,,40.57875,-89.707158,237.9
WM-00375,2005,Good,Asbestos Cement,16,Zone D,Active,,40.654913,-89.671222,408.6
WM-00376,1949,Critical,Concrete,16,Zone C,Abandoned,2018-08-15,40.645873,-89.637412,118.0
WM-00377,1967,Excellent,Steel,10,Zone C,Abandoned,2019-03-14,40.645674,-89.745333,113.6
WM-00378,1953,Poor,Steel,6,Zone E,Abandoned,2023-12-28,40.685794,-89.66388,774.9
,1972,Poor,Asbestos Cement,999,Zone B,Abandoned,2018-10-23,40.574425,-89.784514,540.4
WM-00380,1984,Fair,,6,Zone D,Active,2024-08-17,40.577675,-89.662855,135.6
WM-00381,1987,Excellent,Asbestos Cement,999,Zone B,Active,2020-05-23,40.661707,-89.703245,301.6
WM-00382,1971,Critical,Cast Iron,8,Zone A,Unknown,2024-11-13,40.615136,-89.781604,709.7
WM-00383,2023,,Ductile Iron,10,Zone B,Abandoned,2023-01-19,40.619444,-89.641144,507.9
,2004,Poor,Cast Iron,999,Zone B,Inactive,,40.633624,-89.792777,321.4
WM-00385,1992,Excellent,Ductile Iron,6,Zone B,Abandoned,2023-04-28,40.629702,-89.781243,742.0
WM-00386,2018,Excellent,Cast Iron,4,Zone E,Inactive,2018-04-30,40.628207,-89.789108,721.3
WM-00387,1982,,Cast Iron,16,Zone B,Active,2022-08-17,40.674386,-89.742404,215.5
WM-00388,2009,Good,Steel,16,Zone B,Active,2022-01-08,40.687067,-89.773602,145.4
WM-00389,2008,Good,,16,Zone B,Active,2024-11-09,40.678669,-89.705938,464.6
WM-00390,2000,Excellent,Asbestos Cement,20,,Unknown,2021-09-02,40.62211,-89.769967,745.6
WM-00391,2005,Excellent,Steel,999,Zone D,Active,2019-02-06,40.624293,-89.766708,468.9
,1971,Poor,Asbestos Cement,12,Zone B,Abandoned,2024-05-25,40.659674,-89.805606,391.1
WM-00393,1970,Poor,Asbestos Cement,16,Zone E,Active,2021-01-10,40.653767,-89.69975,481.4
WM-00394,1950,Excellent,Steel,16,Zone D,Active,,40.613972,-89.693329,578.7
WM-00395,2006,,Asbestos Cement,10,,Unknown,2021-12-15,40.677752,-89.719358,367.2
WM-00396,2020,,Concrete,999,Zone C,Active,2018-09-26,40.592602,-89.650884,115.5
WM-00397,1963,Poor,Ductile Iron,10,Zone E,Abandoned,,40.619984,-89.687167,748.8
WM-00398,1971,,,10,Zone E,Abandoned,2024-06-28,40.611135,-89.693711,294.7
WM-00399,1999,Good,,12,Zone B,Active,2021-03-26,40.66237,-89.801483,314.8
WM-00400,1984,Good,Ductile Iron,6,Zone A,Active,2022-12-11,40.601249,-89.776791,471.9
,1965,Fair,Cast Iron,4,Zone D,Active,2023-02-20,40.681337,-89.78191,777.6
WM-00402,1982,,Ductile Iron,24,Zone C,Abandoned,,40.627478,-89.802785,558.5
WM-00403,2004,Excellent,Concrete,10,Zone E,Active,2021-02-12,40.593486,-89.794954,687.1
WM-00404,2022,Critical,Cast Iron,16,Zone D,Inactive,2022-10-18,40.614356,-89.74289,263.5
WM-00405,2011,,Steel,12,Zone B,Unknown,2022-10-03,40.657433,-89.735445,676.6
WM-00406,1994,Excellent,Concrete,20,Zone A,Active,2021-01-24,40.619742,-89.709954,582.7
WM-00407,1953,,,12,Zone E,Active,2023-03-14,40.596942,-89.66758,165.5
WM-00408,2008,Good,Steel,10,Zone A,Active,2023-07-13,40.68932,-89.79799,609.2
WM-00409,1993,Critical,Asbestos Cement,4,Zone C,Inactive,2019-08-22,40.608362,-89.651903,151.6
WM-00410,1982,,Cast Iron,999,Zone B,Unknown,2019-01-23,40.641851,-89.779916,292.0
WM-00411,1962,Excellent,Ductile Iron,999,Zone C,Active,2022-08-15,40.610838,-89.646058,126.8
WM-00412,1959,Poor,Steel,6,Zone A,Unknown,2018-03-13,40.627542,-89.753917,321.9
WM-00413,1983,Good,Ductile Iron,8,,Inactive,2020-05-09,40.585626,-89.795851,568.1
WM-00414,1949,,Asbestos Cement,999,Zone E,Active,2020-11-02,40.575194,-89.755704,57.7
WM-00415,1991,Excellent,Cast Iron,8,,Active,2021-11-25,40.612264,-89.656075,635.6
WM-00416,1946,Good,Asbestos Cement,10,Zone C,Inactive,2024-01-10,40.570519,-89.679437,743.2
WM-00417,1968,,PVC,20,Zone D,Inactive,2022-07-28,40.583541,-89.63277,142.7
WM-00418,1953,Fair,Steel,6,Zone D,Active,2021-07-01,40.652446,-89.658604,219.4
WM-00419,1957,Excellent,Asbestos Cement,24,,Active,2023-11-11,40.649026,-89.794699,157.5
WM-00420,1990,Good,Concrete,20,Zone A,Inactive,2023-08-07,40.603422,-89.681571,486.4
WM-00421,2000,Good,,24,Zone A,Active,2023-07-30,40.597699,-89.640367,72.3
WM-00422,1976,Fair,Concrete,6,Zone A,Abandoned,2023-07-10,40.665128,-89.773652,546.6
WM-00423,2022,Excellent,Steel,24,Zone C,Unknown,2023-02-26,40.574318,-89.778164,544.6
WM-00424,2009,,Cast Iron,24,,Active,2024-06-01,40.626378,-89.708794,167.2
WM-00425,2003,Fair,Cast Iron,4,Zone E,Active,2022-02-09,40.611865,-89.67643,70.2
WM-00426,2018,Fair,Cast Iron,10,Zone B,Inactive,2024-08-24,40.580193,-89.686162,701.7
WM-00427,1999,Critical,Steel,12,Zone A,Abandoned,2018-04-02,40.688292,-89.742007,342.7
WM-00428,1951,Critical,PVC,16,Zone D,Inactive,2018-11-05,40.670846,-89.71355,265.5
,1981,Critical,PVC,12,Zone A,Active,2023-05-01,40.621253,-89.747483,107.5
WM-00430,2022,Fair,Concrete,999,Zone D,Abandoned,2020-01-10,40.675708,-89.696988,437.2
WM-00431,2013,,,20,Zone E,Abandoned,2023-11-10,40.594078,-89.726752,230.3
WM-00432,1972,,Steel,12,Zone C,Abandoned,2024-09-28,40.598336,-89.767073,162.5
,1964,Good,Ductile Iron,12,Zone B,Active,2021-02-11,40.64904,-89.778323,689.4
WM-00434,1976,Poor,PVC,6,Zone D,Unknown,2019-07-30,40.598325,-89.707225,425.2
WM-00435,1975,Excellent,,16,Zone C,Unknown,2022-05-17,40.666701,-89.676087,751.6
WM-00436,1977,Excellent,Steel,999,Zone C,Abandoned,2021-07-20,40.635489,-89.724526,234.8
WM-00437,1947,Excellent,,4,,Unknown,2020-11-02,40.636327,-89.754332,768.9
WM-00438,1992,Fair,Cast Iron,10,Zone C,Inactive,2019-10-19,40.679907,-89.696357,709.6
WM-00439,2007,,Steel,16,,Active,2019-02-16,40.668928,-89.684273,429.8
WM-00440,1980,,Steel,8,Zone A,Active,2021-06-05,40.607647,-89.795198,168.4
WM-00441,1998,Good,Asbestos Cement,16,Zone C,Inactive,,40.614112,-89.739171,333.0
WM-00442,1959,Excellent,Steel,10,Zone C,Abandoned,2018-07-23,40.618124,-89.732797,245.1
WM-00443,9999,Poor,,24,,Active,,40.655628,-89.775702,696.5
WM-00444,1971,Good,,12,,Abandoned,2020-01-09,40.619023,-89.78373,267.6
WM-00445,1984,Excellent,Steel,8,Zone C,Abandoned,2020-05-19,40.6556,-89.682478,602.1
WM-00446,2006,Fair,Concrete,4,Zone A,Active,2022-04-10,40.606301,-89.738955,328.2
WM-00447,2010,Fair,Steel,8,Zone A,Active,2022-11-09,40.587015,-89.788968,83.1
WM-00448,1978,,,12,Zone E,Active,2019-11-07,40.607865,-89.630978,622.8
WM-00449,1973,Excellent,Steel,12,Zone B,Abandoned,2019-04-21,40.689424,-89.643103,80.6
WM-00450,1980,Fair,Cast Iron,10,Zone C,Inactive,2023-09-15,40.668709,-89.708615,547.4
WM-00451,1978,,Steel,6,Zone C,Active,2019-05-15,40.6173,-89.703739,763.4
WM-00452,2019,,PVC,4,Zone C,Active,2023-01-30,40.60899,-89.678322,600.7
WM-00453,1991,,Cast Iron,6,Zone E,Active,2022-06-22,40.60062,-89.766786,628.2
WM-00454,1958,Excellent,PVC,24,Zone D,Abandoned,2021-06-24,40.678448,-89.701368,319.3
WM-00455,2020,Fair,Concrete,20,Zone A,Unknown,2022-02-17,40.643664,-89.731861,369.5
,2012,Excellent,PVC,24,Zone D,Active,2023-05-11,40.606047,-89.632846,563.2
WM-00457,1960,Excellent,Concrete,6,Zone E,Active,2023-03-19,40.649303,-89.707674,240.0
WM-00458,1977,,Ductile Iron,20,Zone A,Active,2021-05-04,40.607674,-89.679663,618.0
WM-00459,1990,,Asbestos Cement,6,Zone D,Active,,40.617392,-89.807605,541.9
WM-00460,2000,,Asbestos Cement,20,Zone C,Active,2018-02-26,40.592896,-89.663126,572.0
WM-00461,2000,Good,Cast Iron,12,Zone D,Inactive,2018-03-31,40.583975,-89.647565,604.1
WM-00462,1985,Critical,,20,Zone A,Active,,40.645649,-89.681643,784.6
WM-00463,2014,Critical,Concrete,24,Zone B,Abandoned,,40.572282,-89.706247,464.9
WM-00464,2020,,Steel,4,Zone B,Active,2023-04-07,40.611262,-89.768221,214.8
WM-00465,2009,,Asbestos Cement,16,Zone D,Unknown,2019-10-26,40.644621,-89.759158,611.9
WM-00466,2010,Poor,PVC,10,Zone B,Active,,40.572176,-89.651437,317.8
WM-00467,1977,Critical,Ductile Iron,24,Zone C,Active,2018-07-11,40.662411,-89.709736,722.2
WM-00468,2006,,,6,Zone A,Unknown,2019-02-22,40.668833,-89.802446,129.1
WM-00469,2014,,,6,Zone B,Abandoned,2019-07-19,40.584758,-89.77366,777.2
WM-00470,1945,Fair,PVC,20,Zone C,Abandoned,2019-09-13,40.660385,-89.714663,640.4
WM-00471,1998,Excellent,Steel,8,Zone A,Abandoned,2018-10-13,40.580173,-89.753335,786.5
WM-00472,1952,Fair,Steel,20,,Abandoned,2021-05-31,40.656586,-89.753535,308.1
WM-00473,1971,Critical,,24,,Active,2022-07-15,40.663048,-89.651425,113.2
WM-00474,1956,Critical,PVC,999,Zone C,Unknown,2018-04-06,40.573347,-89.666612,494.4
WM-00475,2001,,Concrete,16,Zone A,Active,2019-05-26,40.623848,-89.706962,53.9
WM-00476,2003,Fair,PVC,8,,Active,2020-10-11,40.582627,-89.717039,194.4
WM-00477,1974,Excellent,Steel,8,Zone D,Inactive,2022-02-21,40.651219,-89.737504,469.2
WM-00478,2018,,Ductile Iron,8,Zone E,Inactive,2023-02-18,40.585526,-89.683186,697.5
WM-00479,2000,Excellent,Concrete,20,Zone A,Active,2021-04-01,40.574834,-89.782405,328.6
WM-00480,1963,Poor,Cast Iron,12,Zone C,Inactive,2023-06-26,40.57025,-89.711443,100.7
,2023,Poor,,8,Zone B,Active,2023-01-17,40.650066,-89.783183,595.9
WM-00482,1998,Critical,Cast Iron,24,,Active,2019-11-10,40.654865,-89.707041,647.1
WM-00483,2014,,Cast Iron,999,Zone B,Unknown,2018-03-18,40.584434,-89.641487,184.8
,2013,Fair,Steel,4,Zone D,Unknown,2021-10-24,40.622442,-89.735311,694.7
WM-00485,1950,Good,PVC,6,Zone B,Active,2019-11-25,40.57707,-89.636998,186.1
WM-00486,1988,Poor,,6,Zone A,Inactive,2024-09-11,40.640323,-89.721264,614.3
WM-00487,1952,Poor,Cast Iron,20,,Inactive,2018-03-18,40.602299,-89.636575,556.3
WM-00488,1955,Good,,8,Zone C,Active,2020-10-01,40.634504,-89.733725,733.6
WM-00489,1945,Excellent,Steel,12,Zone E,Active,2022-04-07,40.689909,-89.658361,209.6
WM-00490,1963,Poor,Asbestos Cement,6,Zone B,Abandoned,2021-02-18,40.675394,-89.772047,428.6
WM-00491,1993,Good,Steel,16,Zone A,Abandoned,2018-01-09,40.643054,-89.80923,57.2
WM-00492,1954,Excellent,,24,,Active,2022-03-22,40.669296,-89.745566,182.9
WM-00493,1945,Good,Asbestos Cement,4,Zone C,Abandoned,2022-01-05,40.592981,-89.663069,518.9
WM-00494,2008,Good,Cast Iron,10,,Active,,40.603282,-89.719941,177.9
WM-00495,1981,Good,PVC,10,Zone E,Abandoned,2020-02-25,40.67172,-89.805839,777.4
WM-00496,2019,,Asbestos Cement,4,Zone C,Active,2022-07-25,40.602884,-89.687569,399.9
WM-00497,2013,Fair,Cast Iron,20,Zone B,Active,,40.638618,-89.805433,603.1
WM-00498,1972,,Asbestos Cement,6,Zone A,Active,2018-04-09,40.641104,-89.697267,300.7
WM-00499,1987,,Ductile Iron,6,Zone E,Active,2019-01-27,40.645042,-89.705792,114.2
WM-00500,2007,Excellent,PVC,20,Zone A,Active,2024-04-09,40.576264,-89.657013,351.3
